id,phone_sequence
fadg0_si1279,HIwLAJUarDBLMrDwLMwQt
fadg0_si1909,tnbLKnFLkwDBPJIBFBJLHwLDyJNlwKr
fadg0_si649,wLJcQrJtICcBbLwQTyDwLMywtLHIrLlwJwDIrJLHhnLMtrvrIFwLABymrKnLH
fadg0_sx109,KyJBOLkwDJLHIwEvrbELABaDcJLMyLHJBFLH
fadg0_sx19,cBPCwDcDJFBQSrLAwDatwDLhytBnDLUy
fadg0_sx199,TnDLiBLkIwDKOmwQGSGkwLAJLhFKrLMwLAwDLDLMsLzwJLkwUyUwDJ
fadg0_sx289,SnlrLHIwtLAcBaKwUrLhwrITPJtBcDJybmB
fadg0_sx379,HbDLuwLJLMIgmyEBcJDUaDLlrJLMsUJ
faks0_si1573,vwUJLAbLkcEScJLMwDcDvnLurLkwDwULHyPmwtBLhPLJLarSarDwDLKiIbeLhy
faks0_si2203,lwIyJswDJtrlwJLkagLQJyELAtBEBwKDe
faks0_si943,HIrLkaLAKwDstaBtaILhBSFSnLAJLHwLMsKDJ
faks0_sx133,HyLJrIywUJarLAwDLmLyEwDLtrwLASwLABaDLiK
faks0_sx223,HcLlcLhOLMirLhGaLMsLhBcDlwLuraK
faks0_sx313,kIaLtaLJtaICDJDcLhaLAJLHctaIysLuFBeS
faks0_sx403,vArSaILkIFLADJnJcQFESBSBsJLArLMJDhBgLJwJ
faks0_sx43,nBrByLHyLHBaratDwLAJLABPLkwLk
fcal1_si1403,wSaSsUNnDkwLkLHsKwDLJgLAwLABLhBSgDnJLCbDntwnJMwLJnBtLA
fcal1_si2033,SOLhwLABaJBKsDLkwLlrFSsnJLMGwBgLlnJ
fcal1_si773,BnmaBLHIaLznLAJLJLMIgJBaBstrJnQIBLknsJ
fcal1_sx143,lwJneakwLzwDwtrULhTyLuBJLAwrwlkwbwDBFB
fcal1_sx233,vgSswDtIySsCyDwJsDLlnsE
fcal1_sx323,lwtaLHrQnmwlnCtrCrIgQwEuaDLMagC
fcal1_sx413,kntLDyJLSymwJLDsmcLHGwLJLAaItLCbLzLMrJLArLM
fcal1_sx53,wyQDwJwLHBQBwLAbnbLhTwBsIsLAwDLMsDJnCLhBJ
fcmh0_si1454,cIwLzDBFBsyLlwCsDLMgLKTPwJLMSrQhnIywJLAaCLHwUwKwDUctLHaBycnJLMrJ
fcmh0_si2084,SgmcLhebmwLMyPIswCDlsbD
fcmh0_si824,JnQBtrCUnCsLiwDLkgUwEwDUgDLHInLHrsKwDLNPthyLCnDwtbLKIrwJ
fcmh0_sx104,vyJLkFBFBcLkagCLIcCcLhsLur
fcmh0_sx14,hytaINLlnrJLMsUwLJUbCDLIyQyTPnQIytaICwycBac
fcmh0_sx194,lsywDLzGwSDgaLkwKwD
fcmh0_sx284,zntLlayTPaILuTPLkwDLtsQrcLhwJwLMwtTPLiLHIrLiwJ
fcmh0_sx374,zaDLAByDULKnBtnKtaIBnQwE
fdac1_si1474,vaJLuyeDCbDlvyUJbLhBwJLCaLkwJLMbsJLJ
fdac1_si2104,AavgeavyJNagaLsLBgbKJLkFQGnJsyLbLBgbJLM
fdac1_si844,tQlQeaJLMbLlDwLAaBnQtwKcDUJsywUJwLisyQLbLlysLAJLHbDLMJnQbLiKGaBLsLAJLhnIywDLJ
fdac1_sx124,haLJzsLJLCsmwLHPQrIbLhwBmctaB
fdac1_sx214,lcCaDwELkwBaDlnJLhgsLkwSbLuBnJnDwDLMwLwDlwJgaD
fdac1_sx304,iyLMJLMagLAyEwUJLIegDlctIsrJLMgDlnSCaD
fdac1_sx34,MeDLkwPLieBysUJLMrsmyLkwswswKwUJ
fdac1_sx394,AeBJywCsLJLhaFDEUJwDLMyJLMIaDE
fdms0_si1218,HFBwLJCaIBQrLMcSnBgvyCwDLHbKDU
fdms0_si1502,vwSwUDcvDwLUbLABsLHvnDELvsLAstSsLMyLhwLHBLAwLDaLzwJwLlnr
fdms0_si1848,SyLAwDkagLMJPvSyLkDkagBgLAIwBLHyLHB
fdms0_sx138,lwLABcDUwLAnJLDrJLkwBJcDwLAJLhnDJUwtULHrtywD
fdms0_sx228,kwQyLHGwLkFQIwBcLHyTODKwD
fdms0_sx318,HByJLkwLCcLwLMsmFUcLhytaBtIaJLM
fdms0_sx408,gLkIgLlwJcLhSsgLhncvbQcDkwDctLiDwyEDLz
fdms0_sx48,uIcDclreLAIPvrbLHIwEyEwDLHsDwLAnLJU
fdrw0_si1283,lwQwEwDwKnBLlnwlwQsmyTBbLMPwmyctaBeaLkwLAsUQaLlcQBynLJtgIJLM
fdrw0_si1423,heLkaEvyLuamcLMwLhBeFeB
fdrw0_si653,KnwBslwJwUnIyaBwmySyaBwLDaBsLJ
fdrw0_sx113,nbDcJLAwBnbebLkwCwnDLwULuwLtIsTwLhbaLALJ
fdrw0_sx203,lwLAaUSBsynDkwLkwLhIcLhBsyLbLlwKwBac
fdrw0_sx23,lFUCyUwKwDJMaCwDagULDaQlcBwJBsy
fdrw0_sx293,HByJLMsLlkwULMrmyLMsLcLAaLMwlwLAByDwUtwCs
fdrw0_sx383,lLAaLHwLAByDnKbCLHPmaGaIwbDBIac
fedw0_si1084,lnLlsyEBwbLlCsLhyLhFtaCsKwnDcLaQlsKsLtFBLSsLiLceLlsKsLJyQaBJ
fedw0_si1653,vwsJLhaFLAJFPlsDBsy
fedw0_si1714,AwrJLSIcPBFBaLALSwmwEaDByJLknLhybwD
fedw0_sx184,lsnLAbLJCyETaBLaBSsJUvryLJLCgLyTPwrJLJ
fedw0_sx274,ABnctScJwPULhaLkwBcLKwrIwJLCcJaLi
fedw0_sx364,yLznbDLMegCBsbwELAaCBaJLAaBGDLJagamsLSwLlcLhaIrsLkbeDLcQsvymwELJwJLMcCLHaBgLM
fedw0_sx4,zbsSCsnrwDCaDCgcDsLheSaILAuwDvaBaILk
fedw0_sx94,TaeEuJLMrwJBeBLAaCcELAbDLkynsJLMIyLMJ
fgjd0_si1179,vGacLKnclyUwtLtnLAJLlhy
fgjd0_si549,lwyULHIFLuIwDUnwCLtwJgULlwLAJnLMrDJnQLhgIsKBLAgnJrCJLHwULBy
fgjd0_si818,hFaFEJswELAaIrBwLzLMIwDULCwLHaIBsyELwDLMwDLMPSIwtBnLwaBLMrJaDwLAJnwnwLDBJU
fgjd0_sx189,kwJLMrGsnIytageIBsmwLMwDIbgaLswLJ
fgjd0_sx279,eaJwUwLlwBLMyLMcSrLASwLMeaJwLHwQswKwDwUDFBSrly
fgjd0_sx369,haLHsLHrmFQwlcBwQyErCDSwrBJ
fgjd0_sx9,vSnrSryLTPvSaSySrSsy
fgjd0_sx99,lDwkyQBJcwJgmySwULHsJLMrDvgnrIaILAyJ
fjem0_si1264,lwynDJwUaBLMwDsPLScNJaELurJLhFLAwDQrUJPLU
fjem0_si1894,gtalrInDwCatvwrJwLAJyTPwUwLuaB
fjem0_si634,vyrvyTPwJLASgLHrJLSsJNwQByPlwQnryEwDLhagmwDnDwQLCyDnwtJDJtBagsDcDJ
fjem0_sx184,wLAbLJCbeaBaBGJvrLJCgawsyPrJ
fjem0_sx274,ABwtSwJPLhglcBwLAKrwrywJLDctJtagamFLKJ
fjem0_sx364,yLzcDLMHgCBywELAcESBatJLAFGDJagmwLSwJlwLHIsLkeDbmsvyLkwEJwJLkwCLHar
fjem0_sx4,isDCsLrCGaICgDysLhgSrLATwEcvagar
fjem0_sx94,TcDEJLMrUJBaFQLAaDwELAsbLkynJLiMIyLMJ
fjmg0_si1181,HIaLHrByvyULkwLHInUwCLkFcnLwUnDbLAJBwDLwDUJLMrCnDnQwDBgaDCn
fjmg0_si1811,HIbJnBsvwULSamrLhInmrJnLhInJLMcJBsy
fjmg0_si551,wUlwCblnrbclnDeaLAwJLMyLiaLknLtaBLM
fjmg0_sx101,AwDLwrLrLBaILDEJinBLkIwDLknLArIsLlnLABbJIbCDJtIraBvaBaLkesJ
fjmg0_sx11,vySnBcBbeaIsbnrBga
fjmg0_sx191,SsJLMIaBtaeDyvbLAyJsKDJnwLSaDLJ
fjmg0_sx281,AaIyELMIsKJLHBsLMbsLuwJLhyLiLhaBJLtrgrJ
fjmg0_sx371,IaDveaCsEDaLhslwLhnJLMeaCtrLhwJULDnJLCaILirJ
fjsj0_si1484,lnraBUFaDwJLMJyLArUnbtLMrLMIsJ
fjsj0_si2114,JLMsLysKUnLDBnLCbLMFULkagJ
fjsj0_si854,TwLArLzwDLMnLJPUgLlrLhnDwtnLJ
fjsj0_sx134,kwUwCQrsLzsDTSrsrDgULCgDLJLMwJLhnDkwCgbCy
fjsj0_sx224,HgLAwLJTrLzrwLJ
fjsj0_sx314,wJLHyLBSrCGLznDrngUlnISwLhyDnFDyLtaISnBJtwr
fjsj0_sx404,haILhrLHsLHIwBysyUwmwLhwLhgDLHhgr
fjsj0_sx44,hbULcLhaLALhywywDwrLMsDyEuJLHaGrLM
fkms0_si1490,HIvnLHJcLScUIgLMLHvbLHJwLSwJLMzaJLM
fkms0_si2120,vyLHagcUJLMLlhnDbmwLkLnQytswDgcDwKnLwUcSnLHcD
fkms0_si860,kPUwBLJAJABPLkLByQJwQbLJUDJwJLlFDBcJwJwDBsgnBatJ
fkms0_sx140,bLurLABLMIBLHIaBcLAJaIrcDyQwDByLkwJLMILhwLkw
fkms0_sx230,cBeBySsyvTwrLhnIsKJLBagULaBnrJ
fkms0_sx320,lwDwrJwDwLuaLuwCsDaLhySwNUwDcSaLAwDLkwJLMDLJ
fkms0_sx410,uInLhagJtInKLCwBLAyLiSyLksCGaDwE
fkms0_sx50,AbmwJMIatwLwLwDaeCwLAcLhbLAJLDwLABnLlcLHBGar
fmah0_si1289,ctBsCSwLTyUJnLHsnr
fmah0_si1919,snQIyBCsQDwJyBCsJysDLlnDnJwJrBwEDFGUysy
fmah0_si659,vwJsJLMIywUJswUwBFaFDLTywmyLiLCsBwJInLAwLDbBJwUneDLvyJLMIywsDn
fmah0_sx119,lwCwJLAaeFwJtIPLMIbLMrLkQBstwDwLHaBLzy
fmah0_sx209,CgLABLAcBrLlwLhbnkIwCaSwtLAIgGaFDJ
fmah0_sx29,vnLuIsLkwLHsLAwLHnsLActLHwLMsmnUJ
fmah0_sx299,JgsmyELAIsyCwUwLHaLHwmIgmcCaDveByED
fmah0_sx389,lsyeDrLhwELAvbaJwDErIyCFLArLMIyJagLk
fmml0_si1040,DaglwEDrwUwDLknBLzLwDnDwLAJLMIsSByByDLksDzrJBcLAKrE
fmml0_si1670,HaLDFLhwJLDnDJFQwvnrLaecJLMsLAebLwCySBsB
fmml0_si2300,CcCclrSwULlwJgLrJcBtSwLAwryaJwky
fmml0_sx140,vnIrLABLirBLHamrLAJgIbDyQwDBysLkwJLirLQyLkw
fmml0_sx230,cBaeByPsvwrLHwLIbKMaBgUaBnrJ
fmml0_sx320,lwDnIrnJwDwLuaLCwDcLhySwlwDBaLABDwJLMcDLJ
fmml0_sx410,IsLhgJUtnKLDcBLAyLiLSyLMsCSagDw
fmml0_sx50,AeDcJLMIatwLAnLAwDcaCwLAMcLbLAJLDwLuBnLlcLHGBaI
fnmr0_si1399,lnJgsmyIwBywLuJwJLMwDnbJwLMnDLMwLMyFQIwDcCLheFlnwnwLABaCrsKcDcCnD
fnmr0_si2029,swDFLMcQLaLAsCwDLMwvwUQGsJ
fnmr0_si769,JnmwJgLMwLkIgSwNtBwmaDJrLrLhaB
fnmr0_sx139,lwLhcEuBFBScJLHBcJcBwJwLiSsmwLDnwlwKGar
fnmr0_sx229,gsTwBnLAwEtaICLHBgCcDLMJ
fnmr0_sx319,cLhwLuFLMLgLkBysLAebCLhBLktNIwlwtagCyar
fnmr0_sx409,wLMwEJLHwCsLJLDgBywELAIyJwJLMIrytLIbLJAJAwBcJBsw
fnmr0_sx49,lwLMSgIBgLaDCcLMSnBtLksLScBvbLKwLhBysy
frew0_si1030,hIyECyLkwtgrLAInLArJ
frew0_si1280,lwJKrBLMrJKaeSLHrQIgmaDBJLMnLJByLtaBnBLHrLMnLAKwD
frew0_si1910,vyBswQkwDELhIyLtrlCbnswBLAcQlcDy
frew0_sx110,lwLhnJLSsmBrDwJcJaBlnLAJLMrLHIaLhBDLJ
frew0_sx20,JiPSaBSaDtByJySBcDFQraBUJ
frew0_sx200,IeBtLADLMIBLlcLMaLSaLitDlcLhBsLirJ
frew0_sx290,lwJLHrKMrULHLMwLkrByCLHaCwLMwtrLArJLhnLkyQLhgr
frew0_sx380,SgLiaILzCcDytrUJwLAaILhwLiLJ
fsem0_si1198,vDwUagDJLhagaIwE
fsem0_si1828,bgKJBylsJnsLvyLkwLJBsyLhsnLJcKGIrBwDtnDtBsLmnDvPtILhaD
fsem0_si568,veIgwUlwLAbKBJLMacDcLAInKJLMkcDSagDSBaLBnlLNar
fsem0_sx118,ACLhgDamwEuIsmwnDLJwDrBaILMLhaB
fsem0_sx208,IaLJnLhglcLHaDrDLJLunLJLlwJLMIsLuyJ
fsem0_sx28,HsLlsLlaILtPScDLkeaIDcQLAebeaJ
fsem0_sx298,gLunclcDaLhglyKPUJwDmywBQrLiaILMJLJ
fsem0_sx388,vHrIgLvbDnsLJLScDrQrlwLhrCnLMrLHInKrLisELzwDUJ
majc0_si1946,lcBIcJBcDLHIaLhBcCScULhgDFDysDJaBtLH
majc0_si2095,CgLkbnLksmwLDEvylwQLMOLuIrsmnrsLzi
majc0_si835,JsBULCcLKwLlwUJLMwBDnJwJnrwEwLlcmwLJwLkwtrDLhIsbDLwJsBUCwLKw
majc0_sx115,lynCLBcCLkwLHwLJwLAIaLHBnJLaBcLuBcF
majc0_sx205,lwBwLMnrsLHrJDbBarLALHnLMwLMPFBLhsLunQrIwDaImrJK
majc0_sx25,aBDBsBaGrUJBcQDCwBywDnrwJ
majc0_sx295,wtLAnIrcBLAaCJLMcCaIBLvbQrsDKtrLCymwEwLMPs
majc0_sx385,vwKFBLkrtnBLMknUwtwLSILhrLAn
mbdg0_si1463,SwLAnDveSnQrCbLAJwCagJwLJwLALMnLMwLkQegBTw
mbdg0_si2093,vwlnDatrLMsUnBDnJLMCDlwmcSnlrLSwLiSwJLAcDwDlwPUyrbJLMw
mbdg0_si833,BnJLHrJcDBJnBULCwDzKwn
mbdg0_sx113,cCcJLMwmaIbLkwCwDwJLAwLktILrLhbLA
mbdg0_sx203,lLAaUSywDLDLkwmwLhIcLHBywLlwKIar
mbdg0_sx23,lFULCyUwKwDUvaICcDagULCaIQcBcJLBw
mbdg0_sx293,HByJLMsLAlAlwJLkryLMsLhBLABaLMclwLAByDwrUtrCs
mbdg0_sx383,lwLAaILHwLAByDrKwnCLHPLuaIraIywDaIa
mbns0_si1220,lsaJFScDLCcDsLHInJLMyKwDJwLATrLUwy
mbns0_si1850,cLuOLDCaIFLMyTPQCaLhGs
mbns0_si590,uIwLzwJLMcBUcDtnrsUJaclcCFJLAaCcDCnJlwLUcQIrQrLAIaJwEDLJ
mbns0_sx140,nsLurLAnBLiIBLHIaDcLAJaraDyQwDByLkwJLMIwLhwLMw
mbns0_sx230,cBeBySsvwrLhcLInbKCBgUaBsnrJ
mbns0_sx320,lwDwrJwDBwLuaLuCsDaLhyScNMnDCSaBLwELkwJLMDLJ
mbns0_sx410,uInsLhgUtInKLDwBLAyLiLSyLksCaDwE
mbns0_sx50,AnLkwJLMIatsLAyLAwDaDCwLAcLhbLAJLDlwLuBnLlcLHFBSr
mbwm0_si1304,vPSwUJwLAJLhPULMPcvaLhcBaJLhwLunJLMInr
mbwm0_si1934,SsBFBSaB
mbwm0_si674,lwJwJDlPJLHnLHsmrLMsLHwLAJLHwrywDLMJLlnQhwSacDwJLMLhywLHLMwJLHcD
mbwm0_sx134,MwJwCLQrDzsDwSrDgJLCaDJLMJLHnDkwDCgbCwE
mbwm0_sx224,vcLuwmwKrwDLkrwDLJ
mbwm0_sx314,JLHyLhBSCaILzinrDrwJlrLhyDCPDyLtrSnBtr
mbwm0_sx404,haILhrDLHsLHrDcByLJwDwLhwLhaDtar
mbwm0_sx44,hnJLAwLHaFBLAwDLDLhysDPDrLAsQwEJLHaI
mcsh0_si1549,TaBKwmcQScLCyLkPgLMDLt
mcsh0_si2179,CgCclrDnQrSaLHJLCyDLt
mcsh0_si919,aLlywJKBsylwLhIgsLhBLHsrvnUCwDynLznJLCBwLiLMCsLMwlrDPJwLzPSsKwD
mcsh0_sx109,KyKBnLkwDJLhIyDvrIsLAFBaDlcJLkyLHJKBFBLH
mcsh0_sx19,cBFDcDcCJFQrSnrLAwDatcCDhytBnCUwy
mcsh0_sx199,TcEDLiwBmrDKwmwQGmsLAJLhFKrLMPLAwDLMsLzwJLzwUyUwJ
mcsh0_sx289,SnlrLHIPtLucBgaKPwUrQrsTPJLtBwDJybemB
mcsh0_sx379,HsbCLuwQULkIgQyEBgnJDUcELNrULkyJ
mdlf0_si1583,trScDJIbmwLABSwUcCGcUrInLACwDLksKwD
mdlf0_si2213,JcChcmySwQDFQBgJwUJ
mdlf0_si953,vwJLMaIsDUwQvnLMPIyUwDUtrLHrJwJLMwDJFaEwDnrDQnJLMwLursKwDLJ
mdlf0_sx143,lJeDkcQLzwDrtIwULhTPSBJLuwIrLlywrDLMcBF
mdlf0_sx233,vHgSsDtIyPsCyDUwJsCtJrE
mdlf0_sx323,lctaLHrQInDwDLlwnCtICeaIgQyDaDLMar
mdlf0_sx413,kbtyJSBymwKDymBLHGLJLAaItJCbLiLMrJLAr
mdlf0_sx53,yQwJcCLHBQBLAbnmrwBnIryLAwDLMsyDJLJnCLhBJ
mdls0_si1628,lwJLCgvnmBsLirvwDtacLMwQwmwDLQUJGaLhSs
mdls0_si2258,TPwDcvrsSImTwB
mdls0_si998,unLNsLNIgLMaDn
mdls0_sx188,vBaNrgJycBwBwlwLAJLHnDJwLAeB
mdls0_sx278,MPtFIlrsULHnJLMyLzMwLAsKBysIyLkJlcSaBJLMyLzaIDB
mdls0_sx368,SBFGsJLAaJLMsPDymwLhBgLABaFJLMLhwLAcCLHByBynBwLwDLM
mdls0_sx8,SgTyBaSrsBLQrJwBygmcCJ
mdls0_sx98,unJLlwLASnKLiwDtcDlynbDJr
mdvc0_si2174,avLKameaLHLvyJnLk
mdvc0_si2196,vcLHrtIbKwDnLhIaLCywULAOLwDwDLAbCwUCagDScJDLMwLhyLJLDsyULMnbLM
mdvc0_si936,cBagDyEDcvaBlwLMyJLCsLMsLAsLTywraICaIr
mdvc0_sx126,aImwtwKBwDLMnBcLzwDLJwUtrIwsB
mdvc0_sx216,lcJCaBLhGLHOLlcSaICaDlcvFcLA
mdvc0_sx306,cnLiwFUwDtKTPSBLhyLAaDLzKnDaBJ
mdvc0_sx36,aBslcCFBJLMwLAaLHsKLKLaImwJLcLMsDLHaLHwBrmy
mdvc0_sx396,lwtMwKLHhyLunDLMcByLHtIbDnLAByaDcJrtwJcQlcJLCaBsLA
mers0_si1019,lnCDkyPLMPlwLAnDLMIyLvSrtrLMPwULHFBLIrCLJ
mers0_si1649,wLJctIcCeBamyLTwDeF
mers0_si497,kwJLhBsmwUSeCLJLlcLHcLlcJLMcBgLlwLiwBkIwDLwnDkaILknLAIwLkwQbLAJwc
mers0_sx119,lcDwJLASFLScUIyLMIbLkwLkLSwNtcDcLHaBcLzwy
mers0_sx209,CgLABLAcBrLlcLhnLkIrCSaBLScNLAIrsaDLJ
mers0_sx29,vncLuIsLMLHwLAwLHbLAcLHsmFJ
mers0_sx299,KisQwELAIsCwUwLHaLHwBrgmcCaDveBFGs
mers0_sx389,lseDwLhsLkveaJLTwDrIrwCFLAcLMIyJgLk
mgjf0_si1901,cSICrhIyULHBsmLAIcJLMwLCPwQwEwrBgLASsrLJ
mgjf0_si641,ABnQrBgLJaEJLrAFQBsLAGsELMIbLzLAJaDEJLcBwmBLMPCnBcLzrCbmwLA
mgjf0_si776,kwDaLikIgTaIDLMPLMbsLM
mgjf0_sx101,AwDrErmDLiPFLzwDLknLArsLMrLABbJLMIrCJtIaBvaBcmsJ
mgjf0_sx11,vySGaBeInIrBag
mgjf0_sx191,SwJLMIaBtFDybLAPUsKDUwLSGaDJ
mgjf0_sx281,AIywDLMIwKLHBsLMbLASwNLHyLiLHaBJtreIJ
mgjf0_sx371,IgDeCsmabLHylwLhnJLMgCtrLhwUwJLIrLzrJ
mglb0_si1534,wUwLhwLAnUcCcgJBaQcDBnDnJlwLlvnrLuIFUcCgJtsJ
mglb0_si2164,MwLAnrnQwJnBNb
mglb0_si904,vyLHwrmwvnsmwELuIbLkwUrInFIrcLMIbLAJLAwCnDkwQyTPBLunDLhcBFBF
mglb0_sx184,lwLAnbLJLCyTaBaBSyJrLJLhgsTPrJ
mglb0_sx274,ABwtSwJPLhclFBwLzrywJLcJacsKz
mglb0_sx364,TyLinDLMgCywDLAnCBaJLABcDJcmwSlNcLhIsLkaDclwvywEJwJLMCLHaILM
mglb0_sx4,zsDCsrDCaChcDyLhcSaILAwEvagLk
mglb0_sx94,TcDJLMwUBFtLAaCDLMAbDLkyUJLMIyLMJ
mgwt0_si1539,JtJtwJLJLHvaCFBLkvnCnbUyJLMbLrLtaIrLM
mgwt0_si2169,cLJLMsrULhwUJwLtyLiKaeIsECgLAIsDLkIaLHJLHbmrLkrIeDLMrIPFD
mgwt0_si909,AcCLHFBJryIyLMgrCnLknLJwLAJLMytgQPBPCUaDavaIgJwD
mgwt0_sx189,kwJLMIGsnQIytgeIyBsmwLMwCgamwLJ
mgwt0_sx279,beBwJwJwLhwBwLMyLMPSrLSwNMaeLJPLHrQwKwDLtLwUDFBLSIwlwEy
mgwt0_sx369,heaLHsLHrmFQwlcBwQwErIwCTrBJ
mgwt0_sx9,JLBvSnrSIyBQSgBySrFSs
mgwt0_sx99,CymyQcJcJgmySwULhsJLMaDcvgsrImbrLAyJ
mjar0_si1988,veUwJLMIsLATPBtaBrtsnr
mjar0_si2247,SyLAwJnDByrKw
mjar0_si728,HFLiJsbLHBUwDwJrFLMtrLMaBUCnDnLJLMIsDeCvwDLABSFB
mjar0_sx188,vSaNrIgUlycDCcCwLkwLknLJLHnDJwLAaFD
mjar0_sx278,MwtrlrwJLHwJLMyLzvyLAsKDByIyLJcSaBJLMIyLzrDFB
mjar0_sx368,laIyJLAabJLMwCDykwLhBbLABFULMwLhyLAcCLHByByBwLunD
mjar0_sx8,SgTnBrSrsyFQrJwBysgsmFCUJ
mjar0_sx98,unJwLASGcKwDtIcCDywbDJr
mjfc0_si1033,lwtLkaILAsCElsSOLBPKJr
mjfc0_si1663,vytaLvwJaLHnBtsJnmcSwDkF
mjfc0_si2293,lkFcUSrJLHnKBylcScDUnLkaBclrLuIrcDcLJLBbtLMnLBnemwJLM
mjfc0_sx133,HyLJrIywUarLADQywDwLtrLASwLASaDLiK
mjfc0_sx223,HcLkcLhcLiMrLhBaLMsLhBwDwLuraLi
mjfc0_sx313,MIaLtgtaICJDSlcLhaLHtaIyLuFSnB
mjfc0_sx403,rSaILuIPLADJwJcQFDBsKJLArLJwDLhBnBJwUJ
mjfc0_sx43,lFBLkwByLHyLhBraBtDwLJLABPLw
mjsw0_si1010,lwJFBLAaBlQnLiLcCagQIywJlcvrLknbnDLkFJLHrCwQlysLAJgsJLMLJyLk
mjsw0_si1640,vaeLkwLSGwDLzaFwElnC
mjsw0_si2270,kaLuJLMwLJcCLMwELkcScDUwyLuFB
mjsw0_sx110,lwLhnJLSsmBrDwJLwJaQsLALMrLHIaLhBcDCJ
mjsw0_sx20,KTPSaISaICtJtByJySBcDBQraBUJ
mjsw0_sx200,IaBtLAwLMIBlwJLMaLHGgLtcDcLhByLirUJ
mjsw0_sx290,lwJLHInKrwJLHwLMwLAByDtaCwLMwtrLHIrJLHnLMwQLhgr
mjsw0_sx380,SgLinrLzCcDystrJnLuarLhwLzKLH
mmdb1_si1625,vyCswLJLhycELABtrLhB
mmdb1_si2255,vyJSaDrIeaLvbgJLMSILlLhnLkIBCJcLtwtLMyDtymwSsy
mmdb1_si995,nsLkwtrDLMgCJyJrLkwULAByLABcLcDLASsrBymrLwDkwUaIFLAwDwJLMJ
mmdb1_sx185,kwLzwLhgsDyLAaIkIrIsBQIrBJ
mmdb1_sx275,JLMyQtarcLhIsInLAnKIrJLSnmr
mmdb1_sx365,lLAcDCcDLAnsnsLMwUQwLkDLAaIrmnLucDLHGLQtwNIyaerJ
mmdb1_sx5,KJywJLlwDrwlwDcByPeC
mmdb1_sx95,TyLABaDwUwDbwBsLAymrJnLMIaLHyLABLInLMgBJ
mmdm2_si1452,HBLMIyLIyUFBLJcQyIsmysKDLMnJLcLNLHBLMIyvwlwDLAGsLJwLAJnJtB
mmdm2_si1555,cJByLHyQGJLnDLJrLk
mmdm2_si2082,TrLhGBwEnBLAsyLTPr
mmdm2_sx102,JLHnKBLMnJLAaIJwUInJLTPvaJLzwUtCLAwLDcLHrUJ
mmdm2_sx12,SBIaLwDSrTcBFBwBy
mmdm2_sx192,JLMIavbLJrImcFcFtnKDlwJwr
mmdm2_sx282,lwLMPNtrytrLAaLMcLAFCScLIgaLzrULMPLNtcBe
mmdm2_sx372,lnLkgLInDCsLAJnDJcFBynbtLMrCcLiJLMnmy
mmjr0_si1648,TFcUwtnrByCGaILDCFLMnBLSwJLAGmwLhwmcQcBnLMLABLcJLHBgswDtIaCLMJ
mmjr0_si2166,BLALJIykaILJcDJtaBSaUJ
mmjr0_si2278,uPLMsLAJwDtgLAeDyUJLMPLhnLMIrDCJ
mmjr0_sx118,AcLtgDaBlwDLurIywDLJLwvnBaILzLhaB
mmjr0_sx208,IaLJacLHglcLHaDkMLwDJLAnLiLlwJLMIsLuyJ
mmjr0_sx28,hsElnLAaILtIFaDLunBaDcQLAbJ
mmjr0_sx298,cwLkIblwDaLHgQmyKTPUJLlwDLQsyFQrLiIaILzKLM
mmjr0_sx388,vrIgsvbnDsLAJLSDnQclcLheaICnLMILALHInKrLiMwDLzwUJ
mmwh0_si1089,HrvbLJlwEULSIyQwDSrULlbD
mmwh0_si1301,kyDLJLAwDtaIDwCLHaILDLHIwLzLHwLMSwElLHInKUlwDLMwDltbLABLMy
mmwh0_si459,vytrlrLHrLHIFPULAIbDLJclcDcDJLHnJctgLMJaBECLtrLAJLHIrCwLMBvaJLHcmBJ
mmwh0_sx189,kwJLkIsnQIytaIBsPLMwCgamwLMJ
mmwh0_sx279,bveBJwUwLhwBLMyLMcSrLSlnBLJPLHrQwKwDlwULDFLSsNw
mmwh0_sx369,haLHsLHrLkFtIBCBwQwEIwCDTarBJ
mmwh0_sx9,SrSIyTPSaBSySrSnsy
mmwh0_sx99,CDwLkyQBJgsmySwULhsJLMaDvgraILAyKJ
mpdf0_si1542,lwtyLSIaICyKPJUwDLaQTwJLMwJIyLHr
mpdf0_si2172,JLMIsELtNtLhyLunrCLMwUwLHLcBLHwDLkeDvwUJLinJLJ
mpdf0_si912,TPCsCsUKrJnBtwDwLASgnrIwBDCbLAtaI
mpdf0_sx102,JLhnKBLMbJLAtGaIJwUJLInJLATPvaJLMwLzwUJtcCLAwLDbLHrJ
mpdf0_sx12,SwBFIaLhwDSnwrcBTnBFBwBy
mpdf0_sx192,JLMIavbLJramctbKDCwJTwr
mpdf0_sx282,lwLMPLtnrstrLuabLMwLAcCScDIaLzrJLMPtnBa
mpdf0_sx372,hnLkgrLuIbCsLAJnDJFDCsnQLMICcLiJLMnmy
mrcs0_si1223,lrIsLAFLiLIbDBgLAIbLhLJ
mrcs0_si1853,lcnJwQnDJwLArLkwDQwLMwCJLisDUKwDwLHwrwDJLnDPSwDUrIagLM
mrcs0_si593,lwLubBcDLkvbLJwmywULkgEcDJtLyLM
mrcs0_sx143,lwJgeDkwLzwDctrULhTPLBJLAwrlywbDJABFLH
mrcs0_sx233,vgSsynLtIsSsCyElwJsCtNsE
mrcs0_sx323,lctaLHIrQnDwLknwCtIcCrIglwEaDLMavw
mrcs0_sx413,kbtLDyUJLSymyKLDyBLHGLJLAartCbLiLMrJLArLM
mrcs0_sx53,yQwDwJnLHBQBLAnbLlwBnIyLADLMsDJwCLhBJ
mreb0_si1375,atwDLMaCDwLJLMInJwLHBsDkLAsLMwJnDrIwEwDFQwLMnDKwDaIsCFKwC
mreb0_si2005,vAynLkBntLMrwDQgBwLlsLAwELtrDnsybrmySwLznLMFvrwDLMaIC
mreb0_si745,HIsBLaILMnsJLMwUPKGFB
mreb0_sx115,lywCBcCLkwLHsLAJywLAIaLtGwJLaBcLBF
mreb0_sx205,DFLMrsLHrJDInBaIwLAJLHnLMwLMIFLhsLunQDwDaIrUJ
mreb0_sx25,aFDBsCBFGrULBFBQDCsywDnrUJ
mreb0_sx295,wLArIcLAcCJLMCaIFLvnQrIsDtrCymwEwLMPr
mreb0_sx385,vwKFBLkrtnBLMnUwtwSaILhIFLAwD
mrjm4_si1489,vbLBaJLAFQFBDLkcJnsC
mrjm4_si2119,lywDJLMwELMwLkwJcLHcDbULhwDCaBJLM
mrjm4_si859,sDaELADLMrLhyLMrLHBebDTPUySFLHsatlcSrLAIrwCLMFBsIrwLMarJ
mrjm4_sx139,lcLhcELuBFScJLHcUDEByJwLiPsmwLDTrlwKrar
mrjm4_sx229,aIyBOLAyEtaCLHBaDcDLH
mrjm4_sx319,wLhwLuFLMgBywbeChBLMJIPltaCwr
mrjm4_sx409,AyEJLHwDwKLDgCwEDLIyJwJLMInrLCIabLATwFJrw
mrjm4_sx49,vbnLMIaBgLMaDcLMIFBJLMsSwBbFKwLhBy
mrjr0_si1182,lcmnJLkwtIwDLDLiKysLkwtTPclyUgLkynUJ
mrjr0_si1812,TwLirwLywUDFLMgCJtaIwLAIwCwDsKwDLJ
mrjr0_si2313,SnBLzKPDTwrLkwLwvyTyLkFDBySagDLnDCwJLMrvnDryLkwLDTyQwDLkyPlbeLSbaB
mrjr0_sx102,JLhnKBLMnbJLtaIJwUInJLATPvaJwLzwUtCLAnLDbLHrU
mrjr0_sx12,SwBIaLhwDSnrsTBFBwBysy
mrjr0_sx192,JLMIavbLJaIeamcJtbKwDlwJTr
mrjr0_sx282,lwLiyNtsrIstrLkaLMwLAaCSnDIaLzrULMyLMtJnBe
mrjr0_sx372,lcLkgLuIbCsLAJbDJUFBCBbtLMrCcaLiJLMcmy
mroa0_si1307,lwUJwUDFDwULAMcJLCsKLDFDwDLtLHw
mroa0_si1970,lwLAPBPDwLkwDctFLBwmwmwDCywELADLMPLkwLkaDwUcQCcSDwBUJLIrIeaD
mroa0_si677,ACLHrSLAIwDULALhyDFmPmwBJLSrD
mroa0_sx137,MrLrLkwKDSBLAHarULHIcCBFLHIPSBtIFDLkIrsLzLIrLi
mroa0_sx227,lwLJwBNTrLkLAPLASLMnBLKIPLr
mroa0_sx317,lLAInCLhrwLhFBLuwLJLQrLHIwLkyDamcLC
mroa0_sx407,BgntLhsbDLJLwDJswEtaLiDJLCFBULHaDTP
mroa0_sx47,CaCJLMIaEByLkwUJBgsLAJnLHLMnDLzrLJ
mrtk0_si1093,ScmnBCcJrQaILhwvsQwrvrILkyJgJrwLt
mrtk0_si1723,vwDPSgLkywrLkIwtLMwLDwDtCDFSgr
mrtk0_si1750,AwUwCbJInwDCJnBtLAyPlwCbDcELlwJaglwLHIgCwDwJLMrtwr
mrtk0_sx103,AIaDnChwBcDJtrCnmwLABJwJLMcDJ
mrtk0_sx13,JSwEwraICwUvgKPLAsPnDLt
mrtk0_sx193,SagLSgaGwBFSDTyaFGLUTPywUCag
mrtk0_sx283,HBnDLHvnrDvFmarLwDwUsKDJLHrCFDLhrJLACDLMIB
mrtk0_sx373,ACQaIEaQGwUPJcLHrLJsLHwELHnFB
mrws1_si1130,KiwlwLAJnBIswEuIntwtLMnLDaFBcLzvylnDrSaIDcJ
mrws1_si1496,bQLMrlbLlQgFcDJSwUwLAJBLMDLMByUy
mrws1_si500,lwvrCaIaLtwJLDwCLtcCsDywabLAJcDwDyLHIaQwmagJwryJ
mrws1_sx140,bnLurLABLMIFLHIamnLJrDyQwDBsLkwJLArLhymwLk
mrws1_sx230,cBaBySsvwrLImIbKLBgUaBnrUJ
mrws1_sx320,lDwrwJwDwLuagLCsDaLhySwNtwDESaLAwELkwJLMwLJ
mrws1_sx410,uIsLhgUtInKCwFLAyLiLSyLksCaIDrE
mrws1_sx50,AbmcnJLMIatwLAwLAwDFcCrLAcLlbLAJLDwLABcLlcLHFaIr
mtaa0_si1285,tlwDByPIbJLDwDLHIaLSwSOLhyDnJrws
mtaa0_si1915,wSwUJlnrlwLiKyScLveabtLMPwDagbLMrIyDaDJTsKDLknsLutrLuwQDwJ
mtaa0_si596,aDyUJlysytwBsLAwDBag
mtaa0_sx115,lwnwBcDLkcLHwLAJtBwLAIaLHBcJaBLuBFB
mtaa0_sx205,CFOLMrsLHrJDaILAJLhcLMwLMPLhsLuBQrDBwLBOrUJ
mtaa0_sx25,aBSODByBGsrJBLlwBwDnrJ
mtaa0_sx295,wtLArBLAcCJLCaIFBLvnQrIsDJtrwCymyDwLMP
mtaa0_sx385,vwKBIrtBLnwUwtwLarLHIFLAwC
mtdt0_si1994,JSBtaByULhywrUJScULlwLuwCywCDLhnLDCsbDTPLzwJLhnDaBSamcCaDy
mtdt0_si2254,ASgSByvyLkwLMrCwDLkctGBar
mtdt0_si994,vrJLMcmywQvwJLMrySGcULHrJwJLMcSByLHrJPLk
mtdt0_sx184,lwLAnLJLCyeaGsJvrLiLCgTwrUJ
mtdt0_sx274,ABwtaBFUJPlLhclcBcLzKwrywJLCcJagLz
mtdt0_sx364,TyLzcDLMgCBywDLAcBCaJLAFBcUJgmwLSwNlcLhrsLhncDcQwvymyEJwJLMcCLHaI
mtdt0_sx4,zsDCsrDCGaICgamyLhgSrLAwEvaILk
mtdt0_sx94,TFJLMrULBFQLAaBwDLAsPbDkywJLMIyLJ
mteb0_si1133,wLAwDLHrLznbLABaEIsDiLuFBFBUJtaILJnBt
mteb0_si2064,vySwULuwtLMwLSwNbDCFCbEwLMwUcDLnDcLHFLDcBrtrScDsDPDQwnDyIsJ
mteb0_si503,lwIryaJLMwrTnrsJy
mteb0_sx143,lwJeDLkwLznDctrULkyPlBJLuwrLkybDBFLH
mteb0_sx233,vaSGswDtySsCyDwJsCLNswE
mteb0_sx323,lctaLHrQlwnDwDLknDtcCrIgQwEaDLMagC
mteb0_sx413,kbtDyJSyLkwKJLDykBLHGsJLAaItCbLiLMrJLAr
mteb0_sx53,TyQwDwJwCLHBQSBLAnQyBrsLAwDLvsDJwDCLhBJ
mthc0_si1015,vsybDLHgKraILBwclrLiyJaIJcUcQBgLJLMaLAtyLk
mthc0_si1645,JcLiKLvaLMCwUcCScULACLHBsBycDLzBJLMctgLk
mthc0_si2275,wkaBLkwLlOLAlnrytwKDLkwDKwLHJsLH
mthc0_sx115,lywCLhBwDCDLkyLHnwLAJLlsynLAIaLHBOJaBcLSFB
mthc0_sx205,TPBLinrsLHrJDnBvaIsLAJLHnLMwLMPBLhsLuFQrCwDLMaImrU
mthc0_sx25,FDBsBGrUBFQCwBywDnrUJ
mthc0_sx295,wtArIBLAcCJLMIaIBLvntrIsDKtrCymwEnLMP
mthc0_sx385,vwKFBLkrtnBLMnUwtwSrLhIFLAwDCQ
mwjg0_si1124,HBwLlyLAFLMwClyLHwDCaItByLtrvwUwDeBcJwJwUCLHaILDLMCgLlwDEDC
mwjg0_si1754,vwJnLlwLAIsUwtFBLvbtBage
mwjg0_si494,hsLAJBFBywLByJLScDvctHeaIrBaELur
mwjg0_sx134,kwJnCLhIwDLzsDTPaIsLAIcDgJLCcDJLMwJLHnDLkwDCgsnDy
mwjg0_sx224,veFLABwmwLwKUTrwDLkaIwDLJ
mwjg0_sx314,wLHyLHBSOCSGLicDrwJLlwSFLHyDFDyLtSnBtnr
mwjg0_sx404,HaILHLhrDLHsLHIrwDLHByUJwlwLHwsLHaDCtgr
mwjg0_sx44,hbJLAcLHaBLHwDLlywDwkwLAvsDwELJLHaI
fdhc0_si1559,lwKPwBylyUwLHIaLAJwCsmrLkSOmySwJtyByESwLlwDwCJnBt
fdhc0_si2189,TPJalcCFaSyJLMwLunlrlFUJPwrJ
fdhc0_si929,hwLJnLiLAsJwUSrwDlcLHbaJLMnDTPKwPB
fdhc0_sx119,lwDCwJLABFSwUIyLMIbLMrLSwlwDcLHFBsLzy
fdhc0_sx209,CgLABLABrLhwLhnLkIrCSaBwNLAMIsagDUJ
fdhc0_sx29,vBLAIsLkwLHwLAwLHlnLAwQLHwLMsmFJ
fdhc0_sx299,KsyDyELAIsCwUwLHaLHwBrgmwCgDvaBwSbsD
fdhc0_sx389,hsBDwLhwEvnaJwDlIrCFLAcDLMIyJgLk
felc0_si1386,wDSsLKLCwLuFrKwrsKwDJlywDLDLkwJLMIyLhaILuwDJwUwyTPDnLSwlwJwEuByTwETwD
felc0_si2016,vyQaDFUSIFLHJLlcLhFLMJLAcCcDJLMkaeLAr
felc0_si756,CwLMryBJLJrnwCwLCFBSwELABsyLInLkSgsLSaILhcat
felc0_sx126,AaImwtwKBcDLMnBcLzwDJwJtrIyB
felc0_sx216,lcJCaBLhGLHOLlcSaICcDvFLAr
felc0_sx306,cLiFUJDtTPSBLhyLAcDLznDraBJ
felc0_sx36,aSBwLkcCFJLMwLAaBLHBJLaImcJcLMswDLHaLHwBnrmsE
felc0_sx396,hwtwKLHwLuwDMSyLHInDLMwLASsnDcJrQcJclcJLCaBsLA
fjlm0_si1043,DaJcLHIgaeUwEIByLlwJwLHIFLiKJLkwLDaeSGSrLA
fjlm0_si1673,SnDLNsELAvyLNaLDcLSnmysDFUcLhemsTwn
fjlm0_si2303,wDKaILwLMwLhaIrDAaILhrBJtIsJLJBgKJLMwCLr
fjlm0_sx143,lwJsbeDLwQLzwDrtrKLHyTPLuPBJLunILlbvbDkBgB
fjlm0_sx233,veSswDtIySsDCyElcJsDLMFDwE
fjlm0_sx323,lctaLHrUQwDwLlwCLtrCrIaQwEaDLMge
fjlm0_sx413,lntLlyEJSywKJLsLcBLHBSwLJLAatLCbnbLiJLMrJLAr
fjlm0_sx53,syBwDwJwDtBLQFLAnLhwBnIsLAwDLMsEDJwCFBJ
fmgd0_si1564,cgULQwDIyScULheDnLhgJLDsLInBtbDJwUbDlnrSrLuIsUwELHebmaB
fmgd0_si2194,vyvnLtGaBgwDLMwOJatLzaLvnDeQwLzaLSwULABaDwLuySwJLMIbDLkn
fmgd0_si934,cNlrIrmysJslnmFBJLMrUaIsLtIgDLMaILw
fmgd0_sx124,aLzwLAJLCsmkwtLHTPmraLhTPmctB
fmgd0_sx214,lDaDwELkwPcDwJLhgrSnbLBwJwDkwDwJcD
fmgd0_sx304,iyLJLMaLAwDEJtIaClctrJLMgCDlnrSaID
fmgd0_sx34,keLkPLirIBysJLMrmyLksKwUJ
fmgd0_sx394,AeJywCsLALhFBcDJUDLMyLJLIaBD
fmld0_si2185,KyJwLiaILAJnQLDFLhFDJwDLKMIwLHJLSnbCLhbnLAIr
fmld0_si822,lwBLHrmcLAKwDQsLhywELAIyJLhgnmywbLHswLtnLMwLHIrLHIyUJwLlwJLMIrLu
fmld0_si925,hcQySwUwLAcJMwLkywULSgLMwLhaIJLMr
fmld0_sx115,lywCBDLkLHwLAJlwLAIaLMBcJUaScLuBF
fmld0_sx205,lcBwLMrLHrJDeBIrLAJLhnLMwLMPSFLhsLuFQrIwDaIrUJ
fmld0_sx25,GBDBsBGsrJBcQClsywDrJ
fmld0_sx295,wtLAwrBLABCJLMcCaBvnQrIsLztrCymyEwLMP
fmld0_sx385,vwJKBkrtHnBLMwUwtwLSrLhIFLAwD
fnlp0_si1308,wDLMsmywULHaeJLhFLMwJnLHrIsDymBnLMaLHnrLCsEDnmstcQDrLAByrFtnLJ
fnlp0_si1938,BagmwLSwDLkFnULABFLziwBLHagsLlMPLlwLkneFCLHOGar
fnlp0_si678,JNnBQsJnwnwDIyLAwDJwmnrLk
fnlp0_sx138,lwLABcDUyLAncJcCrJLkwBLJcDwLJLMwDJwtHrtKPwD
fnlp0_sx228,lcQzyLHagsDLFQlrBnLlynFJwD
fnlp0_sx318,HBsJLMwCcLlwLMsmnUnLhctGaItIgaDJLM
fnlp0_sx408,acLkQIacLlwJcLhBsLlnmcvbcQwDsDcQLiKnsDLJ
fnlp0_sx48,uInCclreLuPvrbLhrwEwDwCLHnmwLAbFnLJ
fpas0_si1272,HBaQrLMrnbJLMrtwUsLAJ
fpas0_si2204,HImwJwPaCwLAwCBFSawLAnrwDwtBknCLhIrFBFUcSaLAwDJLJnLA
fpas0_si944,wNvctaICwUInDLMwlrInwCcJLhyLHnsLk
fpas0_sx134,kwJwnChIrLznDTIrDgJCcDLJLJwJLhnDwCgswCy
fpas0_sx224,vOLuPmwUrwDLkrwDJ
fpas0_sx314,wstLHyLQBSrCaILzIDrwJlrLhwEDFDyLktrSnBtr
fpas0_sx404,haILhrDLHsLHIrDBysUwDcLhwLhaDtar
fpas0_sx44,hcFJLAwAwLhaBLAwCLhwDnDLMrLMsDEJLHar
fpkt0_si1538,wLAnIwLzLAIcDJLhgsLJLMwCGgLzLtNBLMwELlPlwLuBPFD
fpkt0_si2168,lsCsLAnJLADtaICwJBOLuOw
fpkt0_si908,SyFSwJLleSyQwLkgSwNILhPLJaD
fpkt0_sx188,vPSaLNIgJNwDBwCmwmwLAJLHnJwLAe
fpkt0_sx278,MwtrwDrvwJLHIwJLMyLiywLAsKDsQIyULlcSaBJLMIyLzrDB
fpkt0_sx368,BaIwJLAaJLiwCDymwLhBgbLuBFLUwLhyLAcCLHByByFBwLunD
fpkt0_sx8,SgTnBrSaIyFQrJwBygLkwDJ
fpkt0_sx98,unJlwLAScKwDtIcDywbDLJr
mbpm0_si1577,hIeDegUgLhIbeBCcJLMbK
mbpm0_si1584,InLMrUatDLATIrynJatwDLMnLMwLknJLASnJLiDJLlcmyDnQrLknLD
mbpm0_si947,vtTPIrBrUrLHrLMnLAwLhcUcDwE
mbpm0_sx137,ArLkwKDrLASgrJLHInBcLHIPQBtIcDLkrsLzLCnrLz
mbpm0_sx227,wLMnBtrLkwLAOLAwteaLiKr
mbpm0_sx317,lwLAInDLhIsLhaLuwuwLJLrsLHrkynDamcC
mbpm0_sx407,BbtLMnDLJDJsEwtaIiwDLJLCgBUcLHgDTr
mbpm0_sx47,CaCJLMIaEBwLkwJBgLAJbLcLMgUrJ
mcmj0_si1094,CnrILAwDEwJLHwLHryQTPrUCIgLMwLAIaDwULMsULCDyFBnJLMwLA
mcmj0_si464,lwLHIaJLMnLMwQLAcmsELhbLAJLHnDrEDLvwUDrDLHgUDaIDtInDwLuaQrDr
mcmj0_si602,hwLMwKirLHJrQryJIFDbeLIwrSyLkreLAnrJwCwsJnrDrUnDyCaI
mcmj0_sx104,vwJLMaFaLkagaDtICcLhnLr
mcmj0_sx14,wtaILlrUlsUwLuUbCIsQTyrnQytaICwrIr
mcmj0_sx194,DswDKrIsrLSnDgrILkwKwD
mcmj0_sx284,intLHraImyTPIaILmwmPmwEtsQInQrJwLMrLtTrLzLHrLiwJ
mcmj0_sx374,zraIDwLAIsDEJLKatnKtaIcCwQrD
mdab0_si1039,vwJDnQrvwLJnBtLknmsvstFLSLiLMLhyvsLSLiwQcJvbcJ
mdab0_si1669,hsLAJgsmwLkwDLkFBcLknDctgrwJnBt
mdab0_si2299,JcLMcFJyLAGBJgmScJLSnbtaBwUJLhwvBD
mdab0_sx139,lcLhcELAPBFBcJLHBcJBsJwLiSwmwLkwlwKaI
mdab0_sx229,gyBLwEtaBCtGBSwLM
mdab0_sx319,sLHwLuBLagmBynbLhBLJlwtaCyaILkM
mdab0_sx409,lymwEJLHwmwLJLDGsSsyLAIyJwJLMIsLJLIbLiGFJBy
mdab0_sx49,bnLMSgBsLMcDcJLtaNLlsaBvcaKcLhBsy
mgrt0_si1450,CyLMJLlwrsysKDLHIvaJnJwEvFUQUCyLkvnUIyJyLkwLJLknDJyQwDBnJLMwLusKD
mgrt0_si2080,vyPSwLDcaLAnryTwLhIytLAsJ
mgrt0_si820,hglnLkLScDtyBUcnLCsnLknDwLtaIJcBwULagrULznwDFBDLAcncUwBnLMrLABtaIJcLcJ
mgrt0_sx10,BcvITrLuIsLUvgrcQrmBFarlcDnDJyUJ
mgrt0_sx100,HIacLzsLkwQlnBaCcDLScJLHrJymyELMPJBsy
mgrt0_sx190,JrUcLAFBFBJBaLbtIbgLnbLlyaBsB
mgrt0_sx280,lyBsJwJLScUwCraLz
mgrt0_sx370,lncDFBwJLHIaBcCLuIFBFULCaIrcDaBsEyLiLksws
mjdh0_si1354,SwNwDcBaILzrJFKBJwJLMcCaILlwJLMIcLAKIFtaDKDaBJcLHJwJLMcCJ
mjdh0_si1984,wDCacmagJLMsSr
mjdh0_si724,wLiwJLMIyCgEIgtBtbJLMDScCsLk
mjdh0_sx184,lLAbLJLlyeSGJMrLMLCgyrJ
mjdh0_sx274,lctSJPwULHglcBOLiTrIyJLCwJaKLA
mjdh0_sx364,yLMinDLMgCBwywELAcCBaJLAFBDLJgmSwNlcLhIyLMeDctwvyLJwJLcLHaI
mjdh0_sx4,zsLCsErIrDCaICcmyLhaISrLAwEvaILk
mjdh0_sx94,wTcLJLMPJLBcQLAawDLAbDyPJLMIyLMJ
mjln0_si1449,iytwDLMrJMwDIsmkyOJLMnwIBOUsKPDIrUagLJwDCcBwLMrJrQrJPwJ
mjln0_si2079,lswnLJBbLlsrtagJ
mjln0_si819,lswrtaIJwUcCaIBsLDPyLlnDwDBwLMIwJwLkyLnDBnJlwDwDCbEwtwUcD
mjln0_sx189,kwJLMIGsnQIytagaeIrBsmwLMPCgamwswsLJ
mjln0_sx279,eBJwlwLhwBmyLMcSarLHSwQeLJPLHrQywKwDLvTwUDFSIUy
mjln0_sx369,haLHsLHrmFQwlclwEPwrFBJ
mjln0_sx9,SrSaITPSBSyPSIrSsE
mjln0_sx99,CwLkyQBJcJagmySwJLsJLMaDvgrIaILAyJ
mjmp0_si1535,vyLMbCQBCBnJLMwULHyKwLtsB
mjmp0_si1791,TDFlwDCbDScUDaDwLkMceELvySaDLkrsLveayLunDLMgsLknLSwLJwJLMIsDUr
mjmp0_si905,vwUSILlwvbPDzwJwLALMsUnbtLMwkcJtBc
mjmp0_sx185,APLzPLhgsDyLAaGImrsFQrFaBJ
mjmp0_sx275,JLMyQaIaILhIsLIsLAbgKCwrJLSsmr
mjmp0_sx365,lwLAnDCwDCLAnLMwUQwLMwCLAarLsnLAngCLHBsELtwJNIybDerUJ
mjmp0_sx5,KywJLMnmrlwDPrswbP
mjmp0_sx95,vwLuSgaDwgUwDeBLusmrKrLMIbLHcLABInLMgBJ
mklt0_si1213,CaeBDwLAJAJLHwrLJwUtaBLJwLABrBagFDJU
mklt0_si1843,iPSwKInmytaIQrLIsmwQnLirUDlwIaQBQrCcFSBLHaIDCc
mklt0_si583,lwJLSwLAwDJwLcNnmwLHBywDJLMsw
mklt0_sx133,HwLJwIywUwLADlswETtOLASwLuBaLi
mklt0_sx223,HwLAcLhwLicLhBaLMsLBcDlwLkrIaLi
mklt0_sx313,AIatgbtaFBCJDlcLhaLJLBtaITyLuBea
mklt0_sx403,OSaILkIsLADJwJLMcQByJLArLJwCLhBFBUJcDJ
mklt0_sx43,nBwPByLHyLQcSIFaBtcDkwLAJLABPLkwLk
mlll0_si1363,JcByJLHwLAwBsKwDJLCsnJcCnrInLalrJKrJcCScDwDLhwLvTScJ
mlll0_si1993,KwLKiySsLAwC
mlll0_si733,JtLMPQGsLHcELKIsDrLAsDwDLMwChyLJLMnJlcC
mlll0_sx103,AaDnsLwBwDJtCcmwLABJwJLMcLJ
mlll0_sx13,JSwEraICwUJvgUwLAsbD
mlll0_sx193,vSagLhgcaGBavALScLTaBFKPUCagD
mlll0_sx283,MLHBsbDLDLkLHwrLvOmcaILAwUsKwDUJLHCFLhrJLADLMIB
mlll0_sx373,cLhaIyDaCaBwUwJcLHrLhJyLHwDLHnB
mlnt0_si1574,HBagJLSaIDLkrIaelcLhFBcLHBnLMFBUwDSwLivyCaLlksLHBaLhIsrnLM
mlnt0_si1902,lcLHaJwELuBFBlcJrLrInbLM
mlnt0_si642,lnLHaLJLSrLMPJLMnLHBamrJLcLisnrnDaLHaBCLHbsD
mlnt0_sx102,JLcJKFLMbJtaIJwULInJLAPvaJLMwLzwJtrCLAwLDbLHrJ
mlnt0_sx12,SBSaLhwDSrsyLunBnBsy
mlnt0_sx192,JLMIaIvbLJLarveaDctbKwDLkwKwr
mlnt0_sx282,lwLMPNHrIstrLuabLMwLAaCSDIaLzrJLMPLlnBaIBLM
mlnt0_sx372,lnLkgILuIrCsLAJbDJLHaEByLbebtLMrCgaLiJLMnDmy
mnjm0_si1580,vwaBGsJsCLlcvbeBQCaDyPwLwDvwDJLHaLAw
mnjm0_si2210,laIyLMrDeaLkIcJLSaLJBgaIQr
mnjm0_si950,bJaLiLKLwBScULwyaCLHaBcLMnLJcDvbLDlcFDsmcLMicJBQcLAsKwDELhgsCbJwLz
mnjm0_sx140,bLrLAaBLMaBLHIamaLJaIaDsQcByPlwJLKwlwmw
mnjm0_sx230,HcBaBsSsvnwIrLhFIaJCBagJaBnrDcJ
mnjm0_sx320,lcDlnrJcDcLAaLuwLCsDaLhPScJnESaLAwELlwcJLlcDLJ
mnjm0_sx410,AuIsLhagJtIcJLCnBLAwLiLSsLlsCaDwE
mnjm0_sx50,AcmcJLAIatnLAcLAcDaDBwLAaLHbLAJLDwLABbLlcLHBaI
mpam0_si1189,wsLtTFLuacDUQrLAbLMiMrLkwDLHwUwKwD
mpam0_si1819,vTIcLkwUagJByLHBySwNLScDTPLzLHBaB
mpam0_si1961,cJnLAwLMSwLiLMwKrLJLByQLwDwtnBLlcLhIyQLhrDcDlwUcLhIaIC
mpam0_sx109,KwJBwLMwDJLhIsLkrbDLABaDlwJLMyLJCFLH
mpam0_sx19,cBCBCPSwDwCJFQSrLADatDLhytBwCUy
mpam0_sx199,TcELiwBLkrDLiwmwQGaIrLkwLAKLhFKrLMcLAwDLMsLzJLMwUyUwUJ
mpam0_sx289,SnlwLHrQLABaKwUrQIrTwUJtBwDJyaQB
mpam0_sx379,HnCLuwQULkIamwEScJCDUFBDLNrJLksPJ
mtas1_si1473,TDGFykwDctLvcaDy
mtas1_si2098,vyLuysQsKaILrvaILkBbgbtwDBOLMwDvrDFGEBy
mtas1_si838,vwELAIyJyEDLMnLhFBQLDPLHIamwLkwQnBLw
mtas1_sx118,McCLhagsDaBkyPDLuIymywDJLwDcBaILzLHFB
mtas1_sx208,IaLhJbLhglcLHaLkwLwDJLAnLiLlcJLMIsLkyJ
mtas1_sx28,hsLlnLuaILtrScDLunBaCLcQtLAunJ
mtas1_sx298,gLInlwDcLhgLkyKPUJwDLhyFQrLiIaILzLM
mtas1_sx388,vrIgsLkvwnDLsLAJLSwmnQrlwLhnrQnLMrLHInKrLisLzwUJ
mtls0_si1370,SwCsJslwLvwJLHIaQcDEScULMgLDFLJLMLChwLlnLvyIrtTyJLMIyLCw
mtls0_si2000,SyLAyDLuTwmwLwtSwLkwsrsLkwLvwJwLMsKwLls
mtls0_si740,kPSwNbeLtsLJyLMsLhBLAaBctJ
mtls0_sx110,lwLhnJLMSsLMcDarDLwJLMwJaLQnLAJLMrLHIaLHcDLJ
mtls0_sx20,KTPSaISaICJNtIyJySBcDFtraBJ
mtls0_sx200,IatLAcDLMIFLlwJLMaBLHaLitrDlcLHsLirUJ
mtls0_sx290,lwJLHIwQKrwJLHLAsLHwQtaBCLMwtILHrJLHnLMcQLhagr
mtls0_sx380,SgLMaILziCcDytrJnLiLAaILHwLi
mwbt0_si1553,vFBGnQclcBwmrIyDBsyLkaLhSnLMwLhgJnQBLkcUcDBcLiIFSLJcLHrKJ
mwbt0_si2183,hacLJcFtcKDaOLJ
mwbt0_si923,MPCnDynsLAJLrLiJlwJLMIwnDScUwDnQcmcLhaB
mwbt0_sx113,sDCcJLAwBcbLkcCwncDLwULuOLktGTwLhbLAM
mwbt0_sx203,lwLAaUSsynDLkwLkFcFLhIrcLHBsywLnLlcKwBaI
mwbt0_sx23,lFULBwPUwKwDUveCDcDagwULBaQBFJBGy
mwbt0_sx293,MHByULMsLNlwUJLMwmyLMsLhOLABaJLMwlwLAByDwUJtcDCsy
mwbt0_sx383,lwLAaLHwLABymrUJLKinCLHPkaeIGaIycDLMFBIaBcLuA
mwew0_si1361,hScmwDwJtScDJnLKDCSySnBLAcCLkamwmrJ
mwew0_si1991,BamctQyLHBIFDlwJLMIyLMwDLAFcJLMwCUwDCnJLAJLwDvnDwEcChaB
mwew0_si731,lctTyTPUBsmrLlwLkFEtnBwD
mwew0_sx101,MwDwLurDKiwBLunwDLknsLArsLMrLABnJKIrCJtIaBDaBOLmsJ
mwew0_sx11,vyPBeSrInIBgs
mwew0_sx191,SwLkIaBtGFDynsLAPUsKwDUPSaDLJ
mwew0_sx281,AaIysDLMIwKLHBsLMnLSwLkyLiLhaBJtraBerJ
mwew0_sx371,IsLDeCwDnLHwLlwLhnJLMgstrLhwUDwJLCrLzrJ
